Nom,Os en relation,Muscles en relation,Nerfs en relations,Description,Image,Mise en évidence
,,,,,,
Temporal ,C0 / Mandibule ,M. Digastrique / M.Stylo-Hyoïdien / M. droit antérieur / M. SCOM / M. Longissimus / M. Splénius de la tête / ,,,,
Mandibule ,Temporal,M. Digastrique / M. Mylo-Hyoïdien / M Génio-Hyoïdien / M. SCOM / M. Platysma /,,,,
Os hyoïde ,/ ,M. Mylo-Hyoïdien / M. Digastrique / M. Génio-Hyoïdien / M. Stylo-Hyoïdien / M. Thyro-Hyoïdien / M. Omo-Hyoïdien / M. Sterno-Hyoïdien / ,,,,
C0,C0 / C1 ,"M. SCOM / M. Trapèze / M. Semi-épineux / M. Petit droit postérieur / M. Long de la tête / M. Epicrânien / M. Oblique supérieur de la tête / M. Splénius de la tête / M. Droit latéral de la tête / M. Grand droit postérieur / 
M. Constricteur supérieur du pharynx / M. Droit antérieur / M. SCOM  / M. Semi-épineux de la tête /",,,,
C1,C0 / C2 ,M. Petit droit postérieur / M. Oblique supérieur de la tête / M. Oblique inférieur de la tête / M. Droit antérieur / M. Long du Cou / M. Droit latéral de la tête  / M. Elévateur de la Scapula /  M. Splénius du cou / M. Trapèze,,,,
C2,C0 / C1/ C3 ,M. Elévateur de la Scapula / M. Long du Cou / M. Grand droit postérieur / M. Oblique inférieur de la tête / M. Scalène Moyen / M. Longissimus / M. Splénius du cou / M. Trapèze,,,,
C3,C2 / C4 ,M. Long du Cou / M. Long de la tête / M. Elévateur de la scapula / M. Scalène Antérieur / M. Scalène Moyen / M. Longissimus / M. Splénius du cou / M. Trapèze,,,,
C4,C3 / C5 ,M. Long du Cou / M. Long de la tête / M. Elévateur de la scapula / M. Scalène Antérieur / M. Scalène Moyen / M. Ilio-costal / M. Longissimus / M. Splénius de la tête / M. Semi-épineux de la tête / M. Trapèze,,,,
C5,C4 / C6 ,M. Long du Cou / M. Long de la tête / M. Scalène Antérieur / M. Scalène Moyen / M Scalène Postérieur / M. Ilio-costal / M. Longissimus / M. Splénius de la tête / M. Semi-épineux de la tête / M. Trapèze,,,,
C6,C5 / C7 ,M. Long du Cou / M. Long de la tête / M. Scalène Antérieur / M. Scalène Moyen /  M. Scalène Postérieur / M. Ilio-costal / M. Longissimus / M. Splénius de la tête / M. Semi-épineux de la tête / M. Trapèze ,,,,
C7,C6 / T1 ,M. Long du Cou / M. Scalène Moyen / M. Ilio-costal / M. Longissimus / M. Splénius de la tête / M. Semi-épineux de la tête / M. Trapèze / M. Rhomboïdes / M. Dentelé postéro-supérieur,,,,
T1,C7 / T2 ,M. Long du Cou / M. Longissimus / M. Semi-épineux de la tête / M. Trapèze / M. Rhomboïdes / M. Dentelé postéro-supérieur,,,,
T2,T1 / T3 ,M. Long du Cou / M. Longissimus / M. Semi-épineux de la tête / M. Trapèze / M. Rhomboïdes / M. Dentelé postéro-supérieur,,,,
T3,T2 / T4 ,M. Long du Cou / M. Longissimus / M. Epineux du thorax / M. Splénius du cou / M. Semi-épineux de la tête / M. Trapèze / M. Rhomboïdes / M. Dentelé postéro-supérieur,,,,
T4,T3 / T5 ,M. Long du Cou / M. Longissimus / M. Epineux du thorax / M. Splénius du cou / M. Semi-épineux de la tête / M. Trapèze / M. Rhomboïdes,,,,
T5,T4 / T6 ,M. Long du Cou / M. Longissimus / M. Epineux du thorax / M. Splénius du cou / M. Semi-épineux de la tête / M. Trapèze,,,,
T6,T5 / T7 , M. Longissimus / M. Epineux du thorax / M. Semi-épineux de la tête / M. Trapèze / M. Grand dorsal,,,,
T7,T6 / T8 ,M. Epineux du thorax / M. Trapèze / M. Grand dorsal,,,,
T8,T7 / T9 ,M. Epineux du thorax / M. Trapèze / M. Grand dorsal,,,,
T9,T8 / T10 ,M. Epineux du thorax / M. Trapèze / M. Grand dorsal,,,,
T10,T9 / T11 ,M. Trapèze / M. Grand dorsal,,,,
T11,T10 / T12 ,M. Epineux du thorax / M. Trapèze / M. Grand dorsal / M. Dentelé postéro-inférieur,,,,
T12,T11 / L1 ,M. Epineux du thorax / M. Grand dorsal / M. Dentelé postéro-inférieur,,,,
L1,T12 / L2 ,M. Diaphragme  / M. Longissimus / M. Epineux du thorax / M. Grand dorsal / M. Dentelé postéro-inférieur / M. Transverse de l'abdomen / M. Carré des lombes,,,,
L2,L1 / L3 ,M. Diaphragme / M. Longissimus / M. Epineux du thorax / M. Grand dorsal / M. Dentelé postéro-inférieur / M. Transverse de l'abdomen / M. Carré des lombes,,,,
L3,L2 / L4 ,M. Diaphragme / M. Longissimus / M. Epineux du thorax / M. Grand dorsal / M. Dentelé postéro-inférieur / M. Transverse de l'abdomen / M. Carré des lombes,,,,
L4,L3 / L5 ,M. Diaphragme / M. Longissimus / M. Grand dorsal / M. Transverse de l'abdomen / M. Carré des lombes,,,,
L5,L4 / Sacrum , M. Longissimus / M. Grand dorsal / M. Transverse de l'abdomen / M. Carré des lombes,,,,
Sacrum ,Os coxal / L5 / Coccyx,M. Grand glutéal / M. Piriforme / M. Iliaque / M. Ilio-costal / M. Longissimus / M. Grand dorsal,,,,
Os coxal (Ilium / Ischium / Pubis),Sacrum / Fémur ,M. Iliaque / M. Psoas / M. Petit glutéal / M. Moyen glutéal / M. Grand glutéal / M. TFL / M. Piriforme / M. Obturateur interne / M. Jumeau supérieur / M. Jumeau inférieur / M.Carré fémoral / M. Obturateur externe / M. Sartorius / M. Vaste intermédiaire / M. Vaste médial / M. Vaste latéral / M. Droit fémoral / M. Biceps fémoral / M. Semi-tendineux / M. Semi-membraneux / M. Pectiné / M. Long adducteur / M. Court adducteur / M. Grand addcuteur / M. Gracile / M. Longissimus / M. Grand dorsal / M. Droit de l'abdomen / M. Transverse de l'abdomen / M. Oblique externe / M. Oblique interne / M. Carré des lombes,,,,
Coccyx ,Sacrum ,,,,,
Sternum,Clavicule / K1 / K2 / K3 / K4 / K5 / K6 / K7 / K8 / K9 / K10,M. SCOM / M. Grand Pectoral / M. Transverse du Thorax / M. Diaphragme / M. Droit de l'abdomen / M. Transverse de l'abdomen / M. Oblique externe / M. Oblique interne,,,,
Clavicule ,Humérus / K1 / Sternum / Scapula,M. Deltoïde / M. SCOM / M. Grand Pectoral / M. Subclavier / M. Trapèze,,,,
K1,,M. Scalène Antérieur / M. Scalène Moyen / M. Grand Pectoral / M. Subclavier / M. Dentelé Antérieur / M. Ilio-costal /,,,,
K2,,M Scalène Postérieur / M. Grand Pectoral / M. Dentelé Antérieur / M. Ilio-costal / M. Dentelé postéro-supérieur,,,,
K3,,M. Petit Pectoral / M. Grand Pectoral / M. Transverse du Thorax / M. Dentelé Antérieur / M. Ilio-costal / M. Dentelé postéro-supérieur,,,,
K4,,M. Petit Pectoral / M. Grand Pectoral / M. Transverse du Thorax / M. Dentelé Antérieur / M. Ilio-costal / M. Dentelé postéro-supérieur,,,,
K5,,M. Petit Pectoral / M. Grand Pectoral / M. Transverse du Thorax / M. Dentelé Antérieur / M. Ilio-costal / M. Dentelé postéro-supérieur / M. Droit de l'abdomen / M. Oblique externe,,,,
K6,,M. Grand Pectoral / M. Transverse du Thorax / M. Dentelé Antérieur / M. Diaphragme / M. Ilio-costal / M. Droit de l'abdomen / M. Transverse de l'abdomen / M. Oblique externe,,,,
K7,,M. Dentelé Antérieur / M. Diaphragme / M. Ilio-costal / M. Droit de l'abdomen / M. Transverse de l'abdomen / M. Oblique externe,,,,
K8,,M. Dentelé Antérieur / M. Diaphragme / M. Ilio-costal / M. Transverse de l'abdomen / M. Oblique externe,,,,
K9,,M. Dentelé Antérieur / M. Diaphragme / M. Ilio-costal / M. Dentelé postéro-inférieur / M. Transverse de l'abdomen / M. Oblique externe,,,,
K10,,M. Dentelé Antérieur / M. Diaphragme / M. Ilio-costal / M. Dentelé postéro-inférieur / M. Transverse de l'abdomen / M. Oblique externe / M. Oblique interne,,,,
K11,,M. Diaphragme / M. Ilio-costal / M. Dentelé postéro-inférieur / M. Transverse de l'abdomen / M. Oblique externe / M. Oblique interne,,,,
K12,,M. Diaphragme / M. Ilio-costal / M. Dentelé postéro-inférieur / M. Transverse de l'abdomen / M. Oblique externe / M. Oblique interne / M. Carré des lombes,,,,
Scapula ,Humérus / Clavicule ,M. Omo-Hyoïdien / M. Subscapulaire / M. Supraépineux / M. Infraépineux / M. Petit rond / M. Deltoïde / M. Grand rond / M. Coracobrachial / M. Long biceps / M. Court biceps / M. Triceps brachial / M. Elévateur de la scapula / M. Petit Pectoral / M. Dentelé Antérieur / M. Trapèze / M. Grand dorsal / M. Rhomboïdes,,,,
Humérus,Radius / Ulna / Scapula ,M. Subscapulaire / M. Supraépineux / M. Infraépineux / M. Petit rond / M. Deltoïde / M. Grand rond / M. Coracobrachial / M. Long biceps / M. Court biceps / M. Triceps brachial / M. Brachioradial / M. Long extenseur radial du carpe / M. Court extenseur radial du carpe / M. Supinateur / M. Ancôné / M. Extenseur ulnaire du carpe / M. Extenseur du 5ème doigt / M. Extenseur des doigts / M. Rond pronateur / M. Fléchisseur radial du carpe / M. Long palmaire / M. Fléchisseur ulnaire du carpe / M. Grand Pectoral / M. Fléchisseur superficiel des doigts / M. Grand dorsal,,,,
Ulna ,Radius / Ulna / Scapula ,M. Brachial / M. Triceps brachial / M. Supinateur / M. Ancôné / M. Extenseur ulnaire du carpe / M. Long abducteur du pouce / M. Long extenseur du pouce / M. Court extenseur du pouce / M. Extenseur de l'index / M. Rond pronateur / M. Fléchisseur ulnaire du carpe / M. Fléchisseur superficiel des doigts / M. Fléchisseur profond des doigts / M. Carré pronateur ,,,,
Radius,,M. Court biceps / M. Long biceps / M. Brachioradial / M. Supinateur / M. Long abducteur du pouce / M. Court extenseur du pouce / M. Rond pronateur / M. Fléchisseur superficiel des doigts / M. Long fléchisseur du pouce / M. Carré pronateur ,,,,
Scaphoïde,,M. Court abducteur du pouce / M. Abducteur du 5ème doigt,,,,
Lunatum,,,,,,
Capitatum,,M. Court fléchisseur du pouce / M. Adducteur du pouce ,,,,
Hamatum,,M. Court fléchisseur du 5ème doigt / M. Opposant du 5ème doigt ,,,,
Triquétrum,,,,,,
Pisiforme,,M. Fléchisseur ulnaire du carpe ,,,,
Trapézoïde,,M. Court fléchisseur du pouce / M. Adducteur du pouce ,,,,
Trapèze,,M. Opposant du pouce / M. Court fléchisseur du pouce ,,,,
Os sésamoïde latéral ,,M. Court abducteur du pouce / M. Court fléchisseur du pouce,,,,
Os sésamoïde médial ,,M. Adducteur du pouce ,,,,
Premier métacarpien (M1),,M. Long abducteur du pouce / M. Opposant du pouce ,,,,
Deuxième métacarpien (M2),,M. Long extenseur radial du carpe / M. Fléchisseur radial du carpe ,,,,
Troisième métacarpien (M3),,M. Court extenseur radial du carpe / M. Adducteur du pouce ,,,,
Quatrième métacarpien (M4),,,,,,
Cinquième métacarpien (M5),,M. Extenseur ulnaire du carpe / M. Opposant du 5ème doigt,,,,
P1 du 1,,M. Court extenseur du pouce / M. Court adducteur du pouce / M. Court abducteur du pouce / M. Court fléchisseur du pouce ,,,,
P2 du 1,,M. Long extenseur du pouce / M. Long fléchisseur du pouce,,,,
P1 du 2,,M. Extenseur des doigts ,,,,
P2 du 2,,M. Extenseur des doigts / M. Fléchisseur superficiel des doigts ,,,,
P3 du 2,,M. Extenseur des doigts / M. Fléchisseur profond des doigts ,,,,
P1 du 3,,M. Extenseur des doigts ,,,,
P2 du 3,,M. Extenseur des doigts / M. Fléchisseur superficiel des doigts ,,,,
P3 du 3,,M. Extenseur des doigts / M. Fléchisseur profond des doigts ,,,,
P1 du 4,,M. Extenseur des doigts ,,,,
P2 du 4,,M. Extenseur des doigts / M. Fléchisseur superficiel des doigts ,,,,
P3 du 4,,M. Extenseur des doigts / M. Fléchisseur profond des doigts ,,,,
P1 du 5,,M. Extenseur des doigts / M. Abducteur du 5ème doigt / M. Court fléchisseur du 5ème doigt,,,,
P2 du 5,,M. Extenseur des doigts / M. Fléchisseur superficiel des doigts ,,,,
P3 du 5,,M. Extenseur des doigts / M. Fléchisseur profond des doigts ,,,,
Fémur,Os coxal / Tibia / Fibula ,M. Iliaque / M. Psoas / M. Moyen glutéal / M. Grand glutéal / M. Petit glutéal / M. Piriforme / M. Obturateur interne / M. Jumeau supérieur / M. Jumeau inférieur / M. Obturateur externe / M. Carré fémoral / M. Droit fémoral / M. Vaste intermédiaire / M. Vaste latéral / M. Vaste médial / M. Biceps fémoral / M. Pectiné / M. Long adducteur / M. Court adducteur / M. Grand adducteur / M. Poplité / M. Gastrocnémien médial / M. Gastrocnémien latéral / M. Plantaire,,,,
Patella,,M. Vaste intermédiaire / M. Vaste latéral / M. Vaste interne / M. Droit fémoral ,,,,
Tibia,Fémur / Fibula ,M. Gracile / M. Semi-tendineux / M. Semi-membraneux / M. Vaste médial / M. Vaste intermédiaire / M. Vaste latéral / M. Droit fémoral / M. Sartorius / M. TFL  / M. Tibial antérieur / M. Poplité / M. Soléaire / M. Tibial postérieur / M. Long fléchisseur des orteils ,,,,
Fibula,Tibia / Fémur ,M. Biceps fémoral / M. Long fibulaire / M. Court fibulaire / M. Soléaire / M. Tibial postérieur / M. Long fléchisseur de l'hallux,,,,
Talus,,,,,,
Calcanéum,,M. Court fibulaire / M. Tibial postérieur / M. Soléaire / M. Gastrocnémien latéral / M. Gastrocnémien médial / M. Plantaire / M. Court extenseur des orteils / M. Court extenseur de l'hallux / M. Abducteur de l'hallux / M. Abducteur du 5 / M. Carré plantaire / M. Court fléchisseur des orteils ,,,,
Naviculaire,,M. Tibial postérieur ,,,,
Cuboïde,,M. Tibial postérieur / M. Court fléchisseur du 5 / M. Opposant du 5,,,,
Cunéiforme médial,,M. Tibial antérieur / M. Long fibulaire / M. Tibial postérieur / M. Adducteur de l'hallux / M. Court fléchisseur de l'hallux ,,,,
Cunéiforme latéral,,M. Tibial postérieur ,,,,
Cunéiforme intermédiaire,,M. Tibial postérieur / M. Court fléchisseur de l'hallux ,,,,
Premier métatarsien (M1),,M. Tibial antérieur / M. Long fibulaire ,,,,
Deuxième métatarsien (M2),,M. Tibial postérieur ,,,,
Troisième métatarsien (M3),,M. Tibial postérieur / M. Adducteur de l'hallux ,,,,
Quatrième métatarsien (M4),,M. Tibial postérieur / M. Adducteur de l'hallux ,,,,
Cinquième métatarsien (M5),,M. 3ème fibulaire / M. Court fibulaire / M. Abducteur du 5 / M. Opposant du 5,,,,
P1 de l'hallux,,M. Court extenseur de l'hallux / M. Abducteur de l'hallux / M. Adducteur de l'hallux / M. Court fléchisseur de l'halllux ,,,,
P2 de l'hallux,,M. Long extenseur de l'hallux / M. Long fléchisseur de l'hallux,,,,
P1 du 2,,,,,,
P2 du 2,,M. Long extenseur des orteils / M. Court fléchisseur des orteils,,,,
P3 du 2,,M. Long extenseur des orteils / M. Long fléchisseur des orteils ,,,,
P1 du 3,,,,,,
P2 du 3,,M. Long extenseur des orteils / M. Court fléchisseur des orteils ,,,,
P3 du 3,,M. Long extenseur des orteils / M. Long fléchisseur des orteils ,,,,
P1 du 4,,,,,,
P2 du 4,,M. Long extenseur des orteils / M. Court fléchisseur des orteils ,,,,
P3 du 4,,M. Long extenseur des orteils / M. Long fléchisseur des orteils ,,,,
P1 du 5,,M. Abducteur du 5 / M. Court fléchisseur du 5,,,,
P2 du 5,,M. Long extenseur des orteils / M. Court fléchisseur des orteils ,,,,
P3 du 5,,M. Long extenseur des orteils / M. Long fléchisseur des orteils ,,,,
Os sésamoïdes ,,M. Court fléchisseur de l'hallux ,,,,
M. Oblique supérieur de la tête,C0 / C1,M. Oblique inférieur de la tête ,Plexus cervical (Racine C1),"Processus transverse de C1 => Ligne nuchale inférieure
Extension / Rotation controlatérale / Inclinaison homolatérale (tête)
Innervé par la racine de C1
Fait partie du triangle suboccipital (de Tillaux) lieu de passage de l'artère vertébrale + racine de C1",,
M. Oblique inférieur de la tête,C1 / C2,M. Oblique supérieur de la tête ,Plexus cervical (Racine C1/ C2) ,"Processus épineux de C2 => Processus transverse de C1 
Extension et rotation homolatérale de la tête 
Innervé par les racines C1/C2 (surtout C2 nerf d'arnold)
Fait partie du triangle suboccipital (de Tillaux) lieu de passage de l'artère vertébrale + racine de C1",,
M. Droit antérieur,C0 / C1 / Temporal ,,Plexus cervical (Racine C1) ,"PT et face antérieure de la masse latérale de C1 => C0 en avant du foramen magnum + déborde sur le rocher 
Flexion / Inclinaison homolatérale (tête)
Innervé par la racine de C1",,
M. Petit droit postérieur,C0 / C1,,Plexus cervical (Racine C1),"Arc postérieur de C1 => Partie médiale de la Ligne nuchale inférieure 
Extension de la tête 
Innervé par la racine de C1 ",,
M. Grand droit postérieur,C0 / C2 ,,Plexus cervical (Racine C1)," Processus épineux de C2 => Partie moyenne de la Ligne nuchale inférieure 
Extension de la tête 
Innervé par la racine de C1
Fait partie du triangle suboccipital (de Tillaux) lieu de passage de l'artère vertébrale + racine de C1",,
M. Long de la tête ,C0/C3/C4/C5/C6,,Plexus cervical (Racines C1/C2),"PT de C3 à C6 => Base de C0 près du sphénoïde 
Flexion de la tête et des cervicales supérieures 
Inclinaison homolatérale de la tête 
Innervé par les racines de C1 et C2",,
M. Long du cou ,C1/C2/C3/C4/C5/C6/C7/T1/T2/T3,,Plexus cervical (Racines de C1/C2/C3/C4) ," Faisceau longitudinal : Partie antéro-latérale des corps de C5 à T3 => Partie antéro-latérale des corps de C2 à C4
Faisceau oblique caudal : Partie antéro-latérale des corps de T1 à T3 => Processus transverses de C5 à C7 
Faisceau oblique cranial : Processus transverses de C3 à C5 => Arc antérieur de C1 
Flexion du cou (délordose) + Inclinaison homolatérale de la tête 
Innervé par les racines de C1 à C4",,
M. Droit latéral de la tête ,C0 / C1,,Plexus cervical (Racine C1),"Processus transverse de C1 => processus jugulaire de l'occiput
Inclinaison homolatérale (tête)
Innervé par la racine de C1",,
M. Digastrique ,Temporal / Os Hyoïde / Mandibule ,M. Mylo-Hyoïdien / M. Stylo-Hyoïdien / M. SCOM,"Ventre postérieur : Nerf Facial (VII) 
Ventre antérieur : Nerf Trijumeau (V.3) ","Inscisure mastoïdienne (inscisure du digastrique) => Bord inférieur (voire interne) du corps de la mandibule, partie médiale 
NB : En deux ventres et fait relais au niveau de l'os Hyoïde dans sa poulie 
Elévation de l'os Hyoïde + Ouverture de la bouche 
Innervé par le Nerf facial (VII) pour son ventre postérieur et par le nerf mandibulaire (V.3) 
",,
M. Mylo-Hyoïdien ,Mandibule / Os Hyoïde ,M. Digastrique / M.Génio-Hyoïdien ,Nerf Trijumeau (V.3),"Face interne de la mandibule au niveau de la ligne oblique => Face antérieure du corps de l'os Hyoïde 
Elévation de l'os hyoïde et ouverture de la bouche 
Innervé par le nerf mandibulaire (V.3) 
",,
M. Génio-Hyoïdien,Mandibule / Os Hyoïde ,M. Mylo-Hyoïdien,Nerf Trijumeau (V.3),"Face interne de la mandibule au niveau de l'épine mentonière => Face antérieure du corps de l'os Hyoïde 
Elévation de l'os hyoïde et ouverture de la bouche 
Innervé par le nerf mandibulaire (V.3)",,
M.Stylo-Hyoïdien ,Temporal / Os Hyoïde ,M. Digastrique ,Nerf Facial (VII) ,"Processus styloïde du temporal => Face antérieure du corps de l'os Hyoïde 
Elévation de l'os hyoïde et ouverture de la bouche 
Innervé par le nerf facial (VII) ",,
M. Omo-Hyoïdien ,Scapula / Os Hyoïde ,M. Sterno-Hyoïdien / M. SCOM ,Plexus cervical (Racine C2++ / C3),"Bord antéro-supérieur de la scapula => Partie latérale du bord inférieur de l'os Hyoïde 
Abaissement de l'os Hyoïde + Ouverture de la bouche + Flexion de la tête (délordose) + Inspirateur accessoire 
Innervé par le Plexus cervical (Racine C2++ / C3)",,
M.Sterno-Hyoïdien ,Sternum / Clavicule / Os-Hyoïde ,,Plexus cervical (Racine C2++ / C3),"Face postéro-supérieure du Manubrium + Extrémité médiale de la face postérieure de la clavicule  => Partie médiale du bord inférieur de l'os Hyoïde 
Abaissement de l'os Hyoïde + Ouverture de la bouche + Flexion de la tête (délordose) + Inspirateur accessoire 
Innervé par le Plexus cervical (Racine C2++ / C3)
",,
M. Sterno-Thyroïdien ,Sternum / Cartilage thyroïdien,,Plexus cervical (Racine C2++ / C3),"Face postéro-supérieure du Manubrium sous le sterno-Hyoïdien   => Face antérieure du cartilage thyroïde (ligne oblique versant inférieur)
Abaissement de l'os Hyoïde + Ouverture de la bouche + Flexion de la tête (délordose) + Inspirateur accessoire 
Innervé par le Plexus cervical (Racine C2++ / C3)
",,
M. Thyro-Hyoïdien ,Cartilage thyroïdien / Os hyoïde ,,Plexus cervical (Racine C2++ / C3),"Face antérieure du cartilage thyroïde (ligne oblique versant Supérieur) => Bord inférieur de la grande corne de l'os Hyoïde 
Abaissement de l'os Hyoïde + Ouverture de la bouche + Flexion de la tête (délordose) + Inspirateur accessoire 
Innervé par le Plexus cervical (Racine C2++ / C3)
",,
M. Elévateur de la scapula ,Scapula / C1 / C2 / C3 / C4 ,,Racines C5,"Angle supéro-médial de la scapula => PT de C1 à C4 (voire C5)
Si point fixe rachis cervical : Elévation de la scapula + sonnette médiale 
Si point fixe scapulaire : Inclinaison et Rotation homolatérales du rachis cervical 
Nerf dorsal de la scapula (Racine C5)",,
M. Scalène antérieur ,C3 / C4 / C5 / C6 / K1 ,,Racine C5 ," Tubercule du scalène antérieur de K1 => Tubercule antérieur des PT de C3 à C6 
Sur les côtes : Inspirateur accessoire 
Sur le rachis : Hauban latéral du cou (rôle statique), inclinaison homolatérale et rotation controlatérale du cou
Innervé par la racine de C5 
/!\ Impliqué dans le défilé des scalènes (artère subclavière et racines du plexus brachial)",,
M. Scalène moyen,C2 / C3 / C4 / C5 / C6 / C7/ K1,M. Scalène Postérieur,Racines C6 / C7 / C8,"Tubercule du scalène antérieur de K1 => Tubercule antérieur des PT de C2 à C7
Sur les côtes : Inspirateur accessoire 
Sur le rachis : Hauban latéral du cou (rôle statique), Flexion, inclinaison homolatérale
Innervé par les racines C6 / C7 / C8
/!\ Impliqué dans le défilé des scalènes (artère subclavière et racines du plexus brachial)",,
M. Scalène postérieur ,C4 / C5 / K2 ,M. Scalène moyen,Racines C6 / C7 / C8,"Tubercule antérieur des PT de C4 à C6 => Face latérale et bord supérieur de K2
Sur les côtes : Inspirateur accessoire 
Sur le rachis : Hauban latéral du cou (rôle statique), Flexion, inclinaison homolatérale
Innervé par les racines C6 / C7 / C8 ",,
M. SCOM ,Clavicule / Sternum / C0 / Temporal / Mandibule ,,Nerf accessoire (XI) / Racines C2 / C3,"Chef claviculaire : Face supérieure du tier médial du corps de la clavicule => Apex du processus mastoïde + partie latérale de la ligne nuchale supérieure
Chef sternal : Face antérieure du manubrium sternal près de la facette claviculaire => Face latérale du processus mastoïde + Partie latérale de la ligne nuchale supérieure
Flexion du cou + inclinaison homolatérale du cou + rotation controlatérale du cou + légère extension de la tète 
NB : Echange une bandelette fibreuse avec Gonion (bandelette mandibulaire) 
Il est innervé par le nerf accessoire (XI) et par quelques rameaux des racines C2 / C3",,
M. Platysma ,Mandibule ,,Nerf Facial (VII) ,"Commissure des lèvres + Branche inférieure de la mandibule => Derme de la région acromio-pectorale
C'est une nappe musculaire sous cutanée 
Abaissement des commissures de la bouche + Elévation/tension de la peau pectorale 
Innervé par le nerf facial (VII)",,
M. Grand Pectoral,Clavicule / Sternum / Humérus / K1 / K2 / K3 / K4 / K5 / K6,M. Subclavier / M. Petit Pectoral / M Deltoïde / M. Droit de l'abdomen / M. Transverse de l'abdomen / M. Oblique externe ,Plexus Brachial Racines C5 / C6 / C7 ,"Chef supérieur : 2/3 médiaux du bord antérieur de la clavicule
Chef moyen : Face antérieur du manubrium sternal et des arcs costaux de K1 / K2 
Chef inférieur : Face antérieure du corps du sternum le long du bord latéral et arcs costaux de K3 / K4 / K5 / K6
Terminaison commune : Lèvre latérale du sillon bicipital sur la partie antéro-supérieure de la diaphyse humérale + expansion sur la capsule de la gléno-humérale
Il entretient des rapports étroits avec la glande mammaire, le deltoïde (avec qui il forme le trigone delto pectoral où on retrouve la veine céphalique, l'artère thoraco acromiale et les artères et veines subclavières), le droit de l'abdomen, le subclavier et le petit pectoral
Il permet une adduction et une rotation interne de la gléno humérale ainsi qu'une élévation (fibres sup) ou un abaissement (fibres inf) de l'humérus + Inspirateur accessoire et élévation du tronc 
Il est innervé par le nerf pectoral latéral (branche du plexus brachial + anse des pectoraux (racines C5 / C6 / C7)",,
M. Petit Pectoral,Scapula / K3 / K4 / K5 ,M. Grand Pectoral ,Plexus Brachial (Racines C8 / T1),"Processus coracoïde de la scapula => Bord supéro-externe de K3 / K4 / K5
Inspirateur accessoire + Antépulsion et bascule antérieure du moignon de l'épaule
Innervé par le nerf pectoral médial (racines C8 / T1) et l'anse des pectoraux",,
M. Subclavier ,Clavicule / K1 ,M. Grand Pectoral ,Plexus Brachial (Racines C5 / C6),"Partie moyenne de la face inférieure de la clavicule => Face supérieure de K1 + Premier cartilage 
Rôle de stabilisation costo-claviculaire (coaptation sterno-claviculaire), abaissement de la clavicule et inspirateur (très) accessoire
Innervé par le nerf du subclavier (Racine C5 voire C6) 
A un rôle important dans la pince costo-claviculaire et dans l'ouverture ou fermeture de l'OST, il renforce le ligament costo-claviculaire",,
M. Transverse du Thorax ,Sternum / K3 / K4 / K5 / K6 ,M. Intercostaux ,Nerfs Intercostaux ,"Face postérieure du corps et appendice xyphoïde du sternum => Face interne des arcs costaux de K3 / K4 / K5 / K6 
Stabilise la partie antéro-inférieure du thorax
Innervé par les nerfs intercostaux des étages costaux correspondants ",,
M. Dentelé Antérieur ,K1 / K2 / K3 / K4 / K5 / K6 / K7 / K8 / K9 / K10 / Scapula,M. Subscapulaire / M. Intercostaux / M. Rhomboïdes / M. Grand Pectoral / M. Petit Pectoral / M. Oblique Externe ,Plexus Brachial (Racines C5 / C6),"Faisceau supérieur : K1 / K2 
Faisceau moyen : K2 / K3 / K4
Faisceau inférieur : K5 / K6 / K7 / K8 / K9 / K10 
Terminaison commune : Face Antéro-médiale de la scapula (de haut en bas pour les faicceaux)
Inspirateur accessoire (scapula fixe) / Propulsion de l'épaule / Abduction et sonette externe de la scapula / Plaque la scapula contre le grill costal 
Innervé par le nerf thoracique long (racines C5 / C6) => Déficit du nerf thoracique long, décollement de la scapula ",,
M. Diaphragme ,L1 / L2 / L3 / L4 / K6 / K7 / K8 / K9 / K10 / K11 / K12 / Sternum,M. Carré des lombes / M. Psoas / M. Intercostaux ,Racines C3 / C4 / C5,"Pillier Droit : Partie antéro-latérale droite des corps de L1 / L2 / L3 / L4 => Centre Phrénique
Pillier gauche : Partie antéro-latérale gauche des corps de L1 / L2 => Centre Phrénique 
NB : Il y a une arcade fibreuse entre les deux pilliers et chacun est renforcé par un pillier accessoire qui s'insère sur L2 
Arcade médiale pour le passage du psoas : Corps de L2 => Transverse de L1 
Arcade moyenne pour le passage du M. Carré des lombes : Transverse de L1 => K12 
Arcade latérale : K12 => K11
Coupoles : Centre phrénique => Arcs costaux de K6 / K7 / K8 / K9 / K10 / K11 / K12  + Appendice Xiphoïde du sternum
Il sépare le thorax et l'abdomen et est donc en rapport avec le contenu viscéral du thorax ainsi qu'avec les viscères abdominaux. Il possède de nombreux ligaments avec eux. 
A hauteur de T9 on trouve le foramen de la VCI et du nerf phrénique droit. 
A hauteur de T10 on trouve le hiatus oesophagien qui contient l'oesophage et le nerf vague gauche (il partage ici des fibres musculaires lisses avec l'oesophage = Cardia)
A hauteur de T12 on trouve le Hiatus aortique qui laisse passage à l'aorte desendante. 
C'est le muscle principal de l'inspiration et sert aussi à la stabilisation du rachis en statique et à tous les phénomènes d'expulsion (miction, accouchement, défécation) en dynamique 
Il est innervé par les nerfs phréniques droit et gauche (Racines C3 / C4++ / C5) et par les 6 derniers nerfs intercostaux ",,
M. Ilio-Costal ,C4 / C5 / C6 / C7 / Sacrum / Os Coxal / K1 / K2 / K3 / K4 / K5 / K6 / K7 / K8 / K9 / K10 / K11 / K12 ,M. Longissimus / M. Epineux du thorax / Grand dorsal / M. Dentelé postéro-inférieur / M. Rhomboïdes / M. Trapèze / M. Dentelé postéro-supérieur / M. Oblique externe / M. Oblique Interne / M. Carré des lombes,Nerfs Spinaux ,"Partie Lombaire : Sacrum + Crête Iliaque => angles postérieurs de K4 à K12 
Partie thoracique : Angles postérieurs de K6 à K12 => Angles postérieurs de K1 à K6 
Partie cervicale : Angles postérieurs de K4 / K5 / K6 / K7 => PT de C4 / C5 / C6 / C7 
Erection et extension du rachis (para vertébraux)
Innervé par les nerfs spinaux des étages correspondants ",,
M. Longissimus ,Temporal / C2 / C3 / C4 / C5 / C6 / C7 / T1 / T2 / T3 / T4 / T5 / T6 / Sacrum / Os coxal / L1 / L2 / L3 / L4 / L5,M. Epineux du thorax / M. Ilio-Costal / Grand dorsal / M. Dentelé postéro-inférieur / M. Rhomboïdes / M. Trapèze / M. Dentelé postéro-supérieur / M. Oblique externe / M. Oblique Interne / M. Carré des lombes,Nerfs Spinaux ,"Partie Thoraco-lombaire : Sacrum + Crête iliaque  + PT et PE de L1 à L5 => PT de T1 à T12 + K5 à K12 
Partie cervicale : PT de T1 à T6 => PT de C2 à C7 
Partie céphalique : PT de C3 à T3 => Processus mastoïde du temporal 
Erection et extension du rachis (para vertébraux) + Stabilise les costaux transversaires 
Innervé par les nerfs spinaux des étages correspondants ",,
M. Epineux,T3 / T4 / T5 / T6 / T7 / T8 / T9 / T11 / T12 / L1 / L2 / L3,M. Longissimus / M. Grand dorsal / M. Ilio-costal / M. Dentelé postéro-inférieur / M. Rhomboïdes / M. Trapèze / M. Dentelé postéro-supérieur / M. Oblique externe / M. Oblique Interne / M. Carré des lombes,Nerfs Spinaux ,"T11 à L3 => T3 à T9 
NB : Pas d'insertion sur T10 (pivot de la dynamique du muscle) 
Erection et extension du rachis (para vertébraux) + Stabilise la charnière thoraco-lombaire 
Innervé par les nerfs des étages correspondants ",,
M. Splénius du cou ,T3 / T4 / T5 / C1 / C2,M. Epineux du thorax ,Racines C2 / C3 / C4,"T3 / T4 / T5 + Muscle épineux et ligament nuchal => C1 / C2 
Extension du rachis cervical + Rotation et Inclinaison homolatérales 
Innervé par les nerfs spinaux de C2 / C3 / C4",,
M. Splénius de la tête ,C4 / C5 / C6 / C7 / T1 / T2 / T3 / C0 / Temporal ,M. Epineux du thorax ,Racines C2 / C3 / C5,"C4 / C5 / C6 / C7 / T1 / T2 / T3 + Muscle épineux et ligament nuchal => Ligne nuchale supérieure de l'occiput + bord postérieur du processus mastoïde du temporal 
Extension du rachis cervical + Rotation et Inclinaison homolatérales 
Innervé par les nerfs spinaux de C2 / C3 /C4",,
M. Semi-épineux de la tête ,C0 / C4 / C5 / C6 / C7 / T1 / T2 / T3 / T4 / T5 / T6,M. Splénius de la tête / M. Splénius du cou ,Racines C2 / C3 / C4 / C5 / C6 / C7 / T1 / T2 / T3 / T4 / T5 ,"PT de C4 à T6 => Entre les lignes nuchales sup et inf de l'occiput (partie médiale) 
Extension de la tête et inclinaison homolatérale 
Innervé par les nerfs spinaux des étages de C2 à C5 
NB : Il est digastrique avec les ventres qui se rejoignent au niveau de C4 et il forme une boutonière  pour le nerf grand occipital (nerf d'Arnold racine C2)
",,
M. Trapèze ,C0 / C1 / C2 / C3 / C4 / C5 / C6 / C7 / T1 / T2 / T3 / T4 / T5 / T6 / T7 / T8 / T9 / T10 / T11 / Scapula / Clavicule ,M. Deltoïde / M. Grand dorsal / M. Rhomboîdes / M. Petit rond / M. Infra-épineux / M. Supra-épineux ,Racines C3 / C4 + Nerf accessoire (XI) ,"Origine commune : Ligne nuchale supérieure de l'occiput + PE de C1 à T11 + Ligament nuchal 
=> Faisceau supérieur : Tier supéro-latéral et bord postérieur de la clavicule 
=> Faisceau moyen : Bord postérieur de l'épine de la scapula 
=> Faisceau inférieur : Tubercule du trapèze sur la scapula 
Rachis fixe : Elevation du moignon de l'épaule (fsx sup) + sonette latérale (fsx sup), adduction du membre supérieur (fsx moy) + rétropulsion de la scapula (fsx moy), Abaissement du moignon de l'épaule (fsx inf) + add et sonette externe de la scapula (fsx inf)
Scapula fixe : Extension, inclinaison homolatérale et rotation controlatérale de la tête (fsx sup), translation homolatérale du rachis (fsx moy), Tension supérieure du rachis inférieur (Fsx inf) 
Globalement : Plaquage des muscles sous-jacents + stabilisation de la charnière cervico-dorsale 
Innervé par le nerf accessoire (XI) ++ et par le nerf du trapèze pour la proprioception (C3 / C4)",,
M. Grand dorsal ,T6 / T7 / T8 / T9 / T10 / T11 / T12 / L1 / L2 / L3 / L4 / L5 / Sacrum / Os coxal / K9 / K10 / K11/ K12 / Humérus / Scapula ,M. Oblique externe / M. Epineux / M. Ilio Costal / M. Dentelé postéro-inférieur / M. Trapèze / M. Longissimus / / M. Carré des lombes ,Plexus Brachial (Racines C6 / C7 / C8),"T6 à T12, Angle inf de la scapula, K9 à K12 (insertions charnues) + Face postérieure du sacrum, crête iliaque et L1 à L5  (via fascia thoraco lombaire surtout) => Sillion bicipital du 1/4 supérieur de l'humérus
Bassin fixe : Rétropulsion de l'épaule, adduction, rotation médiale et extension de la scapulo-humérale et abaissement de la tête humérale 
Humérus fixe : Elevation et antéversion du bassin 
Globalement : Plaquage des érecteurs du rachis + rapprochement des deux ceintures 
Innervé par le nerf thoraco-dorsal qui provient du plexus brachial (racines C6 / C7 / C8)",,
M. Rhomboïdes,C7 / T1 / T2 / T3 / T4 / Scapula,M. Trapèze / M. Ilio-Costal / M. Dentelé antérieur / M. Longissimus / M. Epineux / Dentelé postéro-supérieur,Plexus Brachial (Racine C5),"Petit rhomboïde : C7 / T1 => Bord médial de la scapula en regard de l'épine 
Grand rhomboïde : T1 à T4 => Bord médial de la scapule en dessous de l'épine 
Rachis fixe : Adduction, évélation, rétropulsion et sonette médiale de la scapula 
Scapula fixe : Translation homolatérale et rotation controlatérale du rachis 
NB : Ils fonctionnent en synergie avec le dentelé antérieur pour plaquer le bord médial de la scapula et avec le dentelé postéro-supérieur pour stapiliser la charnière cervico-thoracique
Ils sont innervés par le nerf dorsal de la scapula, Racine C5 du plexus brachial ",,
M. Dentelé postéro-supérieur,C7 / T1 / T2 / T3 / K2 / K3 / K4 / K5,M. Rhomboïdes / M. Ilio-costal / M. Epineux / M. Longissimus / M. Splénius,Nerf intercostaux (Racines T1 / T2 / T3 / T4),"C7 à T3 + Ligament nuchal => K2 à K5 
Elevation des premières côtes = Inspirateur accessoire + Stabilisation de la charnière cervico-dorsale (en synergie avec les rhomboïdes)
Innervé par les 4 premiers nerfs intercostaux (T1 à T4)",,
M. Dentelé postéro-inférieur ,T11 / T12 / L1 / L2 / L3 / K9 / K10 / K11 / K12,M. Ilio-costal / M. Epineux / M. Longissimus / Grand dorsal / / M. Carré des lombes ,Nerf intercostaux (Racines T9 / T10 / T11 / T12),"T11 à L3 => K9 à K12
Abaissement des dernières côtes = Expirateur + stabilisation de la charnière thoraco-lombaire 
Innervé par les 4 derniers nerfs intercostaux (K9 à K12)",,
M. Droit de l'abdomen ,K5 / K6 / K7 / Sternum / Os coxal ,M. Oblique interne / M. Oblique externe / M. Transverse de l'abdomen / M. Grand dorsal / M. Carré des lombes / M. Ilio-costal / M. Epineux / M. Dentelé postéro-inférieur / M. Longissimus,Nerfs intercostaux (Racines T5 / T6 / T7 / T8 / T9 / T10 / T11 / T12) + Plexus lombaire (Racines L1 / L2) ,"K5 à K7 + Processus xyphoïde du sternum => Pubis homolatéral + expansion sur le controlatéral 
Fibres verticales 
Renforce la symphyse pubienne 
Si thorax fixe : Flexion du bassin sur le thorax 
Si bassin fixe : Flexion du thorax sur le bassin
Globalement : Expulsion (miction, défécation, toux ...) + Contention du caisson abdominal et stabilisation du rachis lombaire
Innervé par  les nerfs intercostaux de T5 à T12 + Nerf Ilio-hypogastrique et Ilio-inguinal (Racine L1)  et Nerf génito-fémoral (Racine L2) du plexus lombaire 
NB : Bien prendre en compte l'implication dans le canal inguinal ",,
M. Oblique externe ,K5 / K6 / K7 / K8 / K9 / K10 / K11 / K12 / Sternum / Os coxal ,M. Oblique interne / M. Droit de l'abdomen / M. Transverse de l'abdomen / M. Grand dorsal / M. Ilio-costal / M. Epineux / M. Dentelé postéro-inférieur / M. Longissimus / M. Dentelé antérieur,Nerfs intercostaux (Racines T5 / T6 / T7 / T8 / T9 / T10 / T11 / T12) + Plexus lombaire (Racines L1 / L2) ,"K5 à K12 => Crête iliaque, EIAS, Pubis (Bilatéral), ligament inguinal + Ligne blanche sur toute sa longueur 
Fibres obliques en BAS / DDS / AVT 
Renforce la symphyse pubienne
Si thorax fixe : Flexion du bassin sur le thorax  + Rotation homolatérale du bassin
Si bassin fixe : Flexion du thorax sur le bassin + Rotation controlatérale du tronc
Globalement : Expulsion (miction, défécation, toux ...) + Contention du caisson abdominal et stabilisation du rachis lombaire 
Innervé par  les nerfs intercostaux de T5 à T12 + Nerf Ilio-hypogastrique et Ilio-inguinal (Racine L1)  et Nerf génito-fémoral (Racine L2) du plexus lombaire 
NB : Bien prendre en compte l'implication dans le canal inguinal ",,
M. Oblique interne ,Os coxal / K10 / K11 / K12 / Sternum,M. Droit de l'abdomen / M. Oblique externe / M. Transverse de l'abdomen / M. Grand dorsal / M. Carré des lombes / M. Ilio-costal / M. Epineux / M. Dentelé postéro-inférieur / M. Longissimus,Nerfs intercostaux (Racines T5 / T6 / T7 / T8 / T9 / T10 / T11 / T12) + Plexus lombaire (Racines L1 / L2) ,"Crête iliaque + EIAS + Ligament inguinal => K10 à K12 + Ligne blanche sur toute sa longueur
Fibres obliques en HAUT / DDS / AVT 
Si thorax fixe : Flexion du bassin sur le thorax + Rotation controlatérale du bassin
Si bassin fixe : Flexion du thorax sur le bassin + Rotation homolatérale du tronc 
Globalement : Expulsion (miction, défécation, toux ...) + Contention du caisson abdominal et stabilisation du rachis lombaire
Innervé par  les nerfs intercostaux de T5 à T12 + Nerf Ilio-hypogastrique et Ilio-inguinal (Racine L1)  et Nerf génito-fémoral (Racine L2) du plexus lombaire 
NB : Bien prendre en compte l'implication dans le canal inguinal ",,
M. Transverse de l'abdomen ,K6 / K7 / K8 / K9 / K10 / K11 / K12 / L1 / L2 / L3 / L4 / L5 / Os coxal / Sternum ,M. Oblique interne / M. Oblique externe / M. Droit de l'abdomen/ M. Grand dorsal / M. Carré des lombes / M. Ilio-costal / M. Epineux / M. Dentelé postéro-inférieur / M. Longissimus,Nerfs intercostaux (Racines T5 / T6 / T7 / T8 / T9 / T10 / T11 / T12) + Plexus lombaire (Racines L1 / L2) ,"K6 à K12 + L1 à L5 + Crête iliaque, EIAS et ligament inguinal => Ligne Blanche sur toute sa longueur
Fibres Transversales 
Si thorax fixe : Flexion du bassin sur le thorax 
Si bassin fixe : Flexion du thorax sur le bassin
Rentré de ventre = expiration forcée 
Globalement : Expulsion (miction, défécation, toux ...) + Contention du caisson abdominal et stabilisation du rachis lombaire
Innervé par  les nerfs intercostaux de T5 à T12 + Nerf Ilio-hypogastrique et Ilio-inguinal (Racine L1)  et Nerf génito-fémoral (Racine L2) du plexus lombaire 
NB : Bien prendre en compte l'implication dans le canal inguinal ",,
M. Carré des lombes ,L1 / L2 / L3 / L4 / L5 / Os coxal / K12 ,M. Transverse de l'abdomen / M. Oblique interne / M. Oblique Externe / M Ilio-costal / M. Longissimus / M. Epineux / M. Grand dorsal  / M. Dentelé postéro-inférieur ,Plexus lombaire (Racines T12 / L1 / L2 / L3),"Faisceau costo-transversaire : K12 => PT de L1 à L5
Faisceau ilio-costal : Partie postérieure de la crête iliaque => K12 
Faisceau ilio-transversaire :  Partie postérieure de la crête iliaque => PT de L1 à L5 
Stabilisation / haubanage (dans le plan frontal) du rachis lombaire +++ 
Point fixe bas : Inclinaison homolatérale du tronc + abaissement de K12 
Point fixe haut : Elévation de l'hémi-bassin homolatéral 
Innervé par le plexus lombaire (Racines T12 à L3 )",,
M. Iliaque ,Os coxal / Fémur / Sacrum,M. Psoas / M. Diaphragme, Plexus lombaire (Racines L2/L3),"Face interne de l'os coxal et base du sacrum => Petit trochanter par un tendon commun avec le M.Psoas 
Flexion de hanche / Antéversion du bassin / Stabilisation antérieure de la hanche 
Innervé par le nerf fémoral (Racines L2 / L3)",,
M. Psoas ,Fémur / T12 / L1 / L2 / L3 / L4 / L5,M. Iliaque / M. Diaphragme , Plexus lombaire (Racines L1 / L2 / L3),"PT de L1 à L5 et Corps vertébral de T12 à L4 => Petit trochanter par un tendon commun avec le M. Iliaque 
Flexion de hanche / rotation controlatérale du rachis / Stabilisation antérieure de la coxo-fémorale 
Innervé par le nerf supérieur et inférieur du psoas (Racines L1 / L2 / L3)",,
M. Petit glutéal ,Os coxal / Fémur ,M. TFL / M. Moyen fessier ," Plexus lombaire (Racines L4 / L5)
Plexus sacré (Racine S1)","Face externe de l'os coxal (en dessous de la ligne glutéale antérieure) => Extrémité supérieure du grand trochanter 
Flexion de hanche / Abduction de hanche / Stablisateur de hanche en statique 
Innervé par le nerf glutéal supérieur (racines L4 / L5 / S1)",,
M. Moyen glutéal ,Os coxal / Fémur ,M. Piriforme / M. Petit glutéal ," Plexus lombaire (Racines L4 / L5)
Plexus sacré (Racine S1)"," Face externe de l'os coxal (entre les lignes glutéales antérieure et postérieure) => Extrémité supérieure du grand trochanter 
Abduction de hanche / Stablisateur latérale du bassin / Rotation médiale de hanche si hanche fléchie
Innervé par le nerf glutéal supérieur (racines L4 / L5 / S1)",,
M. Grand glutéal ,Os coxal / Fémur / Sacrum ,M. Obturateur interne / M. Jumeau supérieur / M. Jumeau inférieur / M. Carré fémoral / M. Piriforme / M. Moyen fessier ," Plexus lombaire (Racine L5)
Plexus sacré (Racine S1)","Crête iliaque de l'os coxal et face postérieure du sacrum (crêtes sacrales médiane et intermédiaire)  => Ligne âpre du fémur et une partie des fibres sur le fascia lata 
Rotation latérale de hanche / Extension de hanche 
Innervé par le nerf glutéal inférieur (racines L5 / S1 / S2)
",,
M. TFL ,Os coxal / Tibia ,," Plexus lombaire (Racines L4 / L5)
Plexus sacré (Racine S1)","EIAS de l'os coxal  => Fascia lata et crête latérale de l'extrémité supérieur du tibia (par l'intermédiaire du fascia lata) 
Flexion de hanche / Abduction de hanche / Rotation médiale de hanche / Rotation latérale de genou 
Innervé par le nerf glutéal supérieur (racines L4 / L5 / S1)

",,
M. Piriforme ,Sacrum / Fémur ,M. Grand glutéal,Plexus sacré (Racine S2),"S2 / S3 / S4 et corps du sacrum  => Extrémité supérieure du grand trochanter 
Abduction de hanche / Rotation latérale de hanche 
Innervé par le nerf du piriforme  (racine S2)
",,
M. Obturateur interne ,Os coxal / Fémur,M. Jumeau supérieur / M. jumeau inférieur ," Plexus lombaire (Racine L5)
Plexus sacré (Racines S1 / S2)","Face interne de l'os coxal (pourtout du foramen obturé) => Extrémité supérieure du grand trochanter 
Rotation latérale de hanche / Stabilisation de la hanche 
Innervé par le nerf de l'obturateur interne et du jumeau supérieur (racine L5 / S1 / S2)",,
M. Jumeau supérieur ,Os coxal / Fémur,," Plexus lombaire (Racine L5)
Plexus sacré (Racines S1 / S2)","Petite inscisure ischiatique de l'os coxal => Extrémité supérieure du grand trochanter 
Rotation latérale de hanche / Stabilisation de la hanche 
Innervé par le nerf de l'obturateur interne et du jumeau supérieur (racine L5 / S1 / S2)",,
M. Jumeau inférieur ,Os coxal / Fémur,," Plexus lombaire (Racines L4 / L5)
Plexus sacré (Racine S1)","Petite inscisure ischiatique de l'os coxal => Extrémité supérieure du grand trochanter 
Rotation latérale de hanche / Stabilisation de la hanche 
Innervé par le nerf du carré fémoral et du jumeau inférieur  (racines L4/ L5 / S1)",,
M. Obturateur externe ,Os coxal / Fémur ,, Plexus lombaire (Racines L3 / L4),"Pourtour externe du foramen obturé de l'os coxal => Extrémité supérieure du grand trochanter 
Rotation latérale de hanche / Stabilisation de la hanche 
Innervé par le nerf de l'obturateur externe  (racines L3/L4)
",,
M. Carré fémoral ,Os coxal / Fémur ,," Plexus lombaire (Racines L4 / L5)
Plexus sacré (Racine S1)","Corps de l'ischion de l'os coxal => Extrémité supérieure de la face postérieur du grand trochanter 
Rotation latérale de hanche / Stabilisation de la hanche / Adduction de hanche
Innervé par le nerf du jumeau inférieur et du carré fémoral  (racines L4 / L5/ S1)",,
M. Sartorius ,Os coxal / Tibia ,M. Gracile / M. Semi-tendineux , Plexus lombaire (Racines L2 / L3),"EIAS de l'os coxal => Face médiale du tibia (patte d'oie)
Au niveau de la hanche : Flexion / Abduction / Rotation latérale
Au niveau du genou : Flexion / rotation médiale 
Innervé par le nerf du sartorius  (racines L2 / L3)
",,
M. Droit fémoral ,Fémur / Patella / Tibia ,M. Vaste médial / M. Vaste intermédiaire / M. Vaste médial , Plexus lombaire (Racines L2 / L3 / L4),"EIAI de l'os coxal => Base de la patella et extrémité supérieure du tibia 
Au niveau de la hanche : Flexion 
Au niveau du genou (Quadriceprs entier) : Extension 
Innervé par le nerf du quadriceps (racines L2 / L3/ L4)",,
M. Vaste intermédiaire ,Fémur / Patella / Tibia ,M. Droit fémoral / M. Vaste latéral / M. Vaste médial , Plexus lombaire (Racines L2 / L3 / L4),"Corps du fémur => Base de la patella 
Au niveau de la hanche : Flexion 
Au niveau du genou (Quadriceprs entier) : Extension 
Innervé par le nerf du quadriceps (racines L2 / L3/ L4)",,
M. Vaste latéral ,Fémur / Patella / Tibia ,"M. Droit fémoral / M. Vaste intermédiaire / M. Vaste médial,", Plexus lombaire (Racines L2 / L3 / L4),"Ligne âpre du fémur => Base / bord latéral de la patella et Extrémité supérieure du tibia
Au niveau de la hanche : Flexion 
Au niveau du genou (Quadriceprs entier) : Extension 
Innervé par le nerf du quadriceps (racines L2 / L3/ L4)",,
M. Vaste médial ,Fémur / Patella / Tibia ,M. droit fémoral / M. vaste intermédiaire / M. vaste latéral , Plexus lombaire (Racines L2 / L3 / L4),"Ligne âpre du fémur => Base / bord médial de la patella et Extrémité supérieure du tibia
Au niveau de la hanche : Flexion 
Au niveau du genou (Quadriceprs entier) : Extension 
Innervé par le nerf du quadriceps (racines L2 / L3/ L4)
",,
M. Biceps fémoral ,Os coxal / Fémur / Fibula,," Plexus lombaire (Racine L5)
Plexus sacré (Racines S1/S2)","1. Longue portion : tubérosité ischiatique de l'os coxal 
2. Courte portion : 2/3 inf de la ligne âpre du fémur
Terminaison sur l'extrémité supérieure de la fibula
Maintien de la hanche lors de l'inclinaison antérieure du tronc (statique) / Extension de hanche / Flexion de genou / Rotation latérale de genou 
Innervé par le nerf sciatique (Racines L5/S1/S2)",,
M. Semi tendineux ,Os coxal / Tibia ,," Plexus lombaire (Racine L5)
Plexus sacré (Racines S1/S2)","Face postérieure de la tubérosité ischiatique => Face médiale du corps du tibia (patte d'oie)
En statique 
- genou : stabilité postéro-médiale / Tenseur du fascia jambier 
- hanche : maintien lors de l'inclinaison antérieure du buste 

En dynamique : 
- genou : Flexion / Rotation médiale 
- hanche : Extension légère et rétroversion en force 
Innervé par le nerf sciatique (Racines L5/S1/S2)",,
M. Semi membraneux ,Os coxal / Tibia ,,"Plexus lombaire (Racine L5) 
Plexus sacré (Racines S1/S2)","Face postérieure de la tubérosité ischiatique 
Terminaison en 3 tendons : 
- directe : Face postérieure de l'épiphyse supérieure du tibia 
- réfléchie : Partie antéro-médiale de l'épiphyse supérieure du tibia
- récurrente : Partie supérieure de la coque condylienne latérale 
 
En statique 
- genou : stabilité postéro-médiale 
- hanche : maintien lors de l'inclinaison antérieure du buste 

En dynamique : 
- genou : Flexion / Rotation médiale 
- hanche : Extension légère et rétroversion en force 
Innervé par le nerf sciatique (Racines L5/S1/S2)

Attention : il est en lien étroit avec le ménisque médial car possède une expansion dessus",,
M. Pectiné ,Os coxal/ Fémur,,Plexus lombaire (Racines L2/L3/L4),"
Branche supérieure du pubis (os coxal) sur la crête pectinéale => Face postérieure de l'épiphyse supérieure du fémur
Adduction de hanche / Flexion de hanche 
Innervé par le nerf musculaire médial (branche du nerf fémoral => Racines L2/L3/L4)",,
M. Long adducteur ,Os coxal/ Fémur ,,Plexus lombaire (Racines L2/L3/L4),"Face externe du corps du pubis => Ligne âpre du fémur (diaphyse postérieure)
En statique => Coaptation de la symphyse pubienne 
En dynamique => adduction de hanche 
Innervé par le nerf obturateur (Racines L2/L3/L4)",,
M. Court adducteur ,Os coxal / Fémur ,,Plexus lombaire (Racines L2/L3/L4),"Face externe du corps du pubis => terminaison en deux faisceaux (supérieur => Extrémité supérieure du fémur et inférieur => Bord postérieur du fémur sur la ligne âpre)
Adduction de hanche  
Innervé par le nerf obturateur (Racines L2/L3/L4)",,
M. Grand adducteur ,Os coxal / Fémur ,,Plexus lombaire (Racines L2/L3/L4),"Il possède 3 faisceaux : 
- Faisceau supérieur : face externe de la branche ischio-pubienne => Extrémité supérieure du fémur 
- Faisceau moyen : Face externe de la branche ischio-pubienne => Ligne âpre du fémur 
- Faisceau inférieur : Face postérieure de la tubérosité ischiatique => Extrémité inférieure du fémur

Adduction de hanche 
Innervé par le nerf obturateur pour les faisceaux supérieur et moyen et par le nerf sciatique pour le faisceau inférieur 
",,
 M. Gracile ,Os coxal / Tibia ,M. Long adducteur / M. Grand adducteur / M. Sartorius / M. Semi tendineux ,Plexus lombaire (Racines L2/L3),"Branche inférieure du pubis (os coxal) => Face médiale du corps du tibia (patte d'oie) 
Adduction de hanche / Flexion de genou / Rotation médiale de genou 
Innervé par la branche antérieure du nerf obturateur (Racines L2/L3)",,
M. TIbial antérieur ,Tibia / Cunéiforme médial / Premier métatarsien (M1) ,,"Plexus lombaire (Racines L4/L5)
Plexus sacré (Racine S1)","2/3 supérieur de la face latérale du tibia (déborde sur la MIO) => Face médiale du cunéiforme médial (déborde sur la base de M1 et sa capsule)

En statique : Sustentation du tarse antéro-médial / Stabilisation cunéo - 1er métatarsien 
En dynamique : Flexion dorsale / Supination / Adduction du pied => Inversion 

Innervé par deux filets venant du nerf fibulaire commun et deux filets venant du nerf fibulaire profond (racines L4/L5/S1)",,
M. Long extenseur des orteils ,Fibula / P2 du 2 / P3 du  2 / P2 du 3 / P3 du 3 / P2 du 4 / P3 du 4 / P2 du 5 / P3 du 5,,"Plexus lombaire (Racines L4/L5)
Plexus sacré (Racine S1)","Face médiale du du bord supérieur de la fibula (+ MIO) => Face dorsale de la base de P2/P3 des 4 derniers orteils 
=> reçoive le tendon du M. Court extenseur des orteils sur leur bord latéral et des M. Lombricaux sur leur bord médial

En statique : Stabilisation de l'articulation métatarso-phalangienne
En dynamique : extension des 4 derniers orteils / Flexion dorsale de la cheville / Eversion du pied 
Innervé par le nerf fibulaire profond (Racines L4/L5/S1)


",,
M. Long extenseur de l'hallux ,Fibula / P2 de l'hallux ,M. Court extenseur des orteils ,"Plexus lombaire (Racines L4/L5)
Plexus sacré (Racine S1)","Face médiale du du bord supérieur de la fibula (+ MIO) => Face dorsale de la base de P2 de l'hallux 

En statique : Stabilisation de l'hallux 
En dynamique : extension de l'hallux / Adduction et supination du pied (de manière indirecte)
Innervé par le nerf fibulaire profond (Racines L4/L5/S1)
",,
M. 3ème fibulaire ,Fibula / Cinquième métatarsien (M5) ,M. Long extenseur des orteils ,"Plexus lombaire (Racine L5)
Plexus sacré (Racine S1)","1/4 inférieur de la face médiale de la fibula (+ MIO) => Face dorsale de la base du 5ème métatarsien 
Flexion dorsale / Abduction / Pronation du pied => Eversion 
Innervé par le nerf fibulaire superificiel (Racines L5/S1)
",,
M. Long fibulaire ,Fibula / Premier métatarsien (M1) / Cunéiforme médial ,M. Court fibulaire ,"
Plexus lombaire (Racine L5) 
Plexus sacré (Racine S1)","
Face latérale et col de la fibula => Face plantaire de la base de M1 et déborde sur le cunéiforme médial 

En statique : 
- Stabilisation latérale de la cheville 
- Sustentation de la malléole latérale 
- Serrage de la pince malléolaire 
- Maintien de la voûte plantaire 

En dynamique : 
- Pronation du pied avec abaissement du premier rayon et élévation du 5ème 
- Abduction du pied 

Innervé par le nerf fibulaire profond (Racines L5/S1)",,
M. Court fibulaire ,Fibula / Cinquième métatarsien (M5) / Calcanéum,M. Long fibulaire ,"Plexus lombaire (Racine L5) 
Plexus sacré (Racine S1)","Face latérale du corps de la fibula => Base de M5

En statique : 
- Stabilisation latérale de la cheville 
- Sustentation de la malléole latérale 
- Serrage de la pince malléolaire 

En dynamique : 
- Pronation du pied avec abaissement du premier rayon et élévation du 5ème 
- Adduction du pied 

Innervé par le nerf fibulaire profond (Racines L5/S1)",,
M. Poplité ,TIbia / Fémur,,"Plexus lombaore (Racines L4/L5)
Plexus sacré (Racine S1)","
Face latérale de l'extrémité inférieure du fémur => 1/4 supérieur de la face postérieure du corps du tibia 

En statique : Stabilité latérale du genou / Protection du ligament croisé postérieur contre le risque de tiroir postérieur 
En dynamique : Rotation médiale et légère flexion de genou

Innervé par le nerf tibial (Racines L4/L5/S1)

",,
M. Soléaire ,Fibula / Tibia / Calcanéum,M. Gastrocnémien médial / M. Gastrocnémien latéral / M. Plantaire,"Plexus lombaire (Racines L4/L5)
Plexus sacré (Racine S1)","Crête oblique du tibia et col de la fibula => Face postérieure du calcanéum
(Forme le triceps sural lorsqu'il est rejoint par les M. Gastrocnémiens)

Flexion plantaire de la cheville (Triceps sural)
- Contrôle de l'inclinaison vers l'avant de la jambe en synergie avec le M. Court fléchisseur des orteils

Innervé par le nerf tibial (Racines L4/L5/S1)
",,
M. Tibial postérieur ,Tibia / Fibula / Naviculaire / Cuboïde / Cunéïforme médial / Cunéïforme latéral / Cunéïforme intermédiaire / Calcanéum / Deuxième métatarsien (M2) / Troisième métatarsien (M3) / Quatrième métatarsien (M4),M. Long fléchisseur des orteils / M. Abducteur de l'hallux / M. Soléaire,"Plexus lombaire (Racine L5)
Plexus sacré (Racine S1)","Origine face postérieure du tibia, de la fibula et de la membrane inter-osseuse => Face médiale de la tubérosité du naviculaire + Tous les os du tarse sauf le talus + Base de tous les métatarsiens sauf les deux extrêmes 

En statique : Sustentation de la malléole médiale / Soutien de la voûte plantaire / Soutien et plaquage de la tête du talus 

En dynamique : Inversion pure (Flexion plantaire / Adduction / Supination)

Innervé par le nerf tibial (Racines L5/S1)",,
M. Long fléchisseur de l'hallux ,Fibula / P2 de l'hallux  ,M. Tibial postérieur / M. Soléaire,"Plexus lombaire (Racine L5)
Plexus sacré (Racines S1/S2)","Face postérieure de la fibula => Face plantaire de la base de P2 de l'hallux 
Flexion de l'hallux 

Innervé par le nerf tibial (Racines L5/S1/S2)
",,
M. Long fléchisseur des orteils ,Tibia / P3 du 2 / P3 du 3 / P3 du 4 / P3 du 5,M. Tibial postérieur / M. Carré plantaire / M. Court fléchisseur des orteils / M. Long fléchisseur de l'hallux / M. Soléaire ,"Plexus lombaire (Racine L5)
Plexus sacré (Racine S1)","Face postérieure du tibia => Face plantaire de la base de P3 des 4 derniers orteils

Flexion des 4 derniers orteils / Flexion plantaire de la cheville 

Innervé par le nerf tibial (Racines L5/S1)

",,
M. Gastrocnémien médial ,Fémur / Calcanéum,M. Gastrocnémien latéral / M. Soléaire / M. Plantaire,"Plexus lombaire (Racine L5)
Plexus sacré (Racines S1/S2)","Epicondyle médiale du fémur => Face postérieure du calcanéum (forme le triceps sural accompagné par le M. Gastrocnémien latéral et le M. Soléaire)

Flexion du genou (gastrocnémien seul) / Flexion plantaire de la cheville (Triceps sural)

Innervé par le nerf tibial (Racines L5/S1/S2)",,
M. Gastrocnémien latéral,Fémur / Calcanéum,M. Gastrocnémien médial / M. Soléaire / M. Plantaire,"Plexus lombaire (Racine L5)
Plexus sacré (Racines S1/S2)","Epicondyle latérale du fémur => Face postérieure du calcanéum (forme le triceps sural accompagné par le M. Gastrocnémien médial et le M. Soléaire)

Flexion du genou (gastrocnémien seul) / Flexion plantaire de la cheville (Triceps sural)

Innervé par le nerf tibial (Racines L5/S1/S2)",,
M. Plantaire ,Calcanéum / Fémur,M. Gastrocnémien latéral / M. Gastrocnémien médial / M.Soléaire,"Plexus lombaire (Racine L5)
Plexus sacré (Racines S1/S2)","Condyle latéral du fémur => Bord médial du tendon calcanéen 

Pas d'action majeure => Soutien les M. gastrocnémiens dans leurs rôles

Innervé par le nerf tibial (Racines L5/S1/S2)",,
M. Court extenseur des orteils ,Calcanéum ,M. Long extenseur des orteils,"Plexus lombaire (Racine L5)
Plexus sacré (Racine S1)","Face supérieure du calcanéum (paertie antéro-latérale) => Tendons du M. Long extenseur des orteils (des 4 derniers orteils)

En statique => Equilibre l'action du M. Long extenseur des orteils 
En dynamique => Extension des 4 derniers orteils

Ce muscle travaille en synergie avec le M. Long extenseur de l'hallux et le M. Long extenseur des orteils pendant le mouvement d'éversion. 

Innervé par le nerf fibulaire profond (Racines L5/S1)
",,
M. Court extenseur de l'hallux,Calcanéum / P1 de l'hallux ,,"Plexus lombaire (Racine L5)
Plexus sacré (Racine S1)","Face supérieure du calcanéum (paertie antéro-latérale) => Face dorsale de la base de P1 de l'hallux

En statique => Equilibre l'action du M. Long extenseur des orteils 
En dynamique => Extension de l'hallux
Innervé par le nerf fibulaire profond (Racines L5/S1)
",,
M. Abducteur de l'hallux ,Calcanéum / P1 de l'hallux ,M. Court fléchisseur de l'hallux,"Plexus lombaire (Racine L5)
Plexus sacré (Racine S1)","Face inférieure du calcanéum (en avant du M. Court fléchisseur des orteils) => Face plantaire de la base de P1 de l'hallux (par un tendon commun avec le M. Court fléchisseur de l'hallux)

Abduction de l'hallux / Flexion de l'hallux 
- Rôle de stabilisation de la métatarso-phalangienne de l'hallux 

Innervé par le nerf plantaire médial (Racines L5/S1)",,
M. Adducteur de l'hallux ,Cuboïde / Cunéiforme médial / Troisième métatarsien (M3) / Quatrième métatarsien (M4) / P1 de l'hallux,M. Long fléchisseur de l'hallux / M. Long extenseur de l'hallux ,Plexus sacré (Racines S2/S3),"Prend son origine sur la face plantaire: 
- La tubérosité du cuboïde
- Du cunéiforme médial 
- La base de M3 et M4 
Termine sur la face plantaire de la base de P1 de l'hallux et sur l'os sésamoïde latéral 

Ce muscle présente des expansions sur le M. Long fléchisseur de l'hallux et le M. Long extenseur de l'hallux 

Stabilisation des métatarso-phalangiennes / Adduction de l'hallux 

Innervé par le nerf plantaire latéral (Racines S2/S3)
",,
M. Court fléchisseur de l'hallux ,Cuboïde / Cunéiforme médial / Cunéiforme intermédiaire / P1 de l'hallux / Os sésamoïdes,M. Long fléchisseur de l'hallux ,"Plexus lombaire (Racine L5)
Plexus sacré (Racine S1)","Prend son origine sur la face plantaire: 
- La tubérosité du cuboïde
- Du cunéiforme médial 
- Du cunéiforme intermédiaire

Termine sur la face plantaire de la base de P1 de l'hallux 
+ os sésamoïde 

Stabilisation de la métatarso-phalangienne de l'hallux 

Innervé par le nerf plantaire médial (Racines L5/S1)
",,
M. Abducteur du 5,Calcanéum / Cinquième métatarsien (M5) / P1 du 5ème orteil ,M. Court fléchisseur du 5ème orteil ,Plexus sacré (Racines S2/S3),"Face inférieure du calcanéum, aponévrose plantaire et styloïde de M5 => Face plantaire de la base de P1 du 5ème orteil

Stabilisation de la métatarso-phalangienne du 5 / Abduction du 5ème orteil 

Innervé par le nerf plantaire latéral (Racines S2/S3)
",,
M. Court fléchisseur du 5,Cuboïde / P1 du 5ème orteil ,M. Abducteur du 5,Plexus sacré (Racines S2/S3),"Face plantaire du cuboïde => Face plantaire de la base de P1 du 5ème orteil 

Stabilisation de l'articulation tarso-métatarsienne / Flexion de la métatarso-phalangienne du 5ème orteil 

Innervé par le nerf plantaire latéral (Racines S2/S3)
",,
M. Opposant du 5,Cuboïde / Cinquième métatarsien (M5),,Plexus sacré (Racines S2/S3),"
Face plantaire du cuboïde => Corps du cinquième métatarsien (M5)

Stabilisation de l'articulation tarso-métatarsienne et du bord larér / Flexion et supination du cinquième métatarsien (M5)

Innervé par le nerf plantaire latéral (Racines S2/S3)

",,
M. Court fléchisseur des orteils ,Calcanéum / P2 du 2 / P2 du 3 / P2 du 4 / P2 du 5,M. Long fléchisseur des orteils ,"Plexus lombaire (Racine L5)
Plexus sacré (Racine S1)","Face inférieure du calcanéum => Face inférieure du corps de P2 des quatres derniers orteils 

Maintien la voûte plantaire / Flexion des 4 derniers orteils

Innervé par le nerf plantaire médial (Racines L5/S1)
",,
M. Carré plantaire ,Calcanéum ,M. Long fléchisseur des orteils ,Plexus sacré (Racines S2/S3),"Face inférieure du calcanéum => Tendon du M. Long fléchisseur des orteils

Maintien la voûte plantaire / Correction axiale de l'action du M. Long fléchisseur des orteils 

Innervé par le nerf plantaire latéral (Racines S2/S3)
",,
M. Interosseux du pied ,,,,,,
M. Lombricaux du pied ,,,,,,
M. Subscapulaire ,Humérus / Scapula ,M. Supraépineux / M. Dentelé Antérieur ,Plexus brachial (Racines C5/C6),"
Face antérieure de la scapula => Extrémité supérieure du tubercule mineur de l'humérus 
- En statique : stabilisation antérieure de la tête humérale (limite les risques de luxation antérieure de la tête humérale)
- En dynamique : Rotation médiale / Adduction d'épaule
Innervé par le nerf subscapulaire (Racines C5/C6)

",,
M. Supraépineux ,Humérus / Scapula ,M.Long biceps / M. Infraépineux / M. Petit rond ,Plexus brachial (Racines C5/C6),"Fosse supra-épineuse (face postérieure du corps et face supérieure de l'épine) de la scapula => Extrémité supérieure du tubercule majeur de l'humérus 
- En statique : Stabilisation de la tête humérale 
- En dynamique : Abduction d'épaule 

Innervé par le nerf suprascapulaire (racines C5/C6)

",,
M. Infraépineux ,Scapula / Humérus ,M. Supraépineux / M. Deltoïde postérieur / M. Petit rond ,Plexus brachial (Racines C5/C6),"Fosse infra-épineuse (face postérieure du corps et face inférieure de l'épine) => Extrémité supérieure du tubercule majeur de l'humérus 
- En statique : Stabilisation scapulo-humérale et abaissement de la tête humérale 
- En dynamique : Rotation latérale de l'épaule 

Innervé par le nerf suprascapulaire (racines C5/C6)
",,
M. Petit rond ,Scapula / Humérus ,,Plexus brachial (Racines C5/C6),"Face postérieure de la scapula => Extrémité supérieure du tubercule majeur de l'humérus 
- En statique : Stabilisation de la tête humérale et abaissement de la tête humérale 
- En dynamique : Rotation latérale / Adduction de l'épaule 
Innervé par le nerf axillaire (Racines C5/C6)",,
M. Deltoïde ,Clavicule / Humérus / Scapula ,M. Trapèze ,Plexus brachial (Racines C5/C6),"Le deltoïde possède 3 faisceaux : 
- antérieur : 1/3 latéral du corps de la clavicule 
- moyen : Apex et bord latéral de l'acromion 
- postérieur : Versant inférieure du bord postérieur de l'épine de la scapula 

Les trois faisceaux se termine sur la face latérale et le bord antérieur de  l'humérus 
- en statique : Suspension de l'humérus avec rôle de coussin contractile 
- en dynamique : Abduction puissante de l'épaule 
	- faisceau antérieur : Flexion / Rotation médiale / Adduction horizontale 
	- faisceau moyen : Abduction dans le plan de la scapula 
	- faisceau postérieur : Extension / Rotation latérale / Abduction horizontale 
Innervé par le nerf axillaire (Racines C5/C6)

",,
M. Grand rond ,Scapula / Humérus ,M. Grand dorsal / M. Grand pectoral,Plexus brachial (Racines C5/C6),"Face postérieure de la scapula => Face médiale du corps de l'humérus (lèvre médiale du sillon bicipital)
- en statique : Abaissement de la tête 
- en dynamique : Adduction / Rotation médiale / Extension de la scapulo-humérale 
Innervé par le nerf du grand rond (Racines C5/C6)



",,
M. Coracobrachial ,Scapula / Humérus ,M. Court biceps / M. Deltoïde (faisceau antérieur) ,Plexus brachial (Racines C5/C6),"
Angle supéro-latéral du processus coracoïde de la scapula => 1/4 moyen supérieur de la diaphyse de l'humérus 

- en statique : Suspension du bras 
- en dynamique : Flexion / Adduction de l'épaule 

Innervé par le nerf musculo-cutané (Racines C5/C6)",,
M. Long biceps ,Scapula / Radius ,M. Court biceps / M. Brachial,Plexus brachial (Racines C5/C6),"Tubercule supra-glénoïdien de la scapula => Tubérosité radiale (extrémité supérieure) du radius 
- en statique : Stabilisation de la tête humérale
- en dynamique : Flexion / Supination du coude 

Innervé par le nerf musculo-cutané (Racines C5/C6)
",,
M. Court biceps ,Scapula / Radius ,M. Long biceps / M. Brachial / M. Coracobrachial,Plexus brachial (Racines C5/C6),"
Processus coracoÏde de la scapula => Tubérosité radiale (extrémité supérieure) du radius 
- en statique : Suspension du bras 
- en dynamique : Flexion / Supination du coude 

Innervé par le nerf musculo-cutané (Racines C5/C6)
",,
M. Brachial ,Humérus / Ulna ,,Plexus brachial (Racines C5/C6),"Moitié inférieure de la diaphyse de l'humérus => Processus coronoïde de l'ulna 
- en statique : renfort antérieur de la capsule du coude 
- en dynamique : Flexion du coude 

Innervé par le nerf musculo-cutané (Racines C5/C6)
",,
M. Triceps brachial ,Scapula / Humérus / Ulna ,M. Ancôné,Plexus brachial (Racines C7/C8),"Longue portion du triceps :  
- Bord axillaire de la scapula => Extrémité supérieure de l'olécrâne de l'ulna 
Action en statique de suspension de l'humérus / protection de la capsule
Action en dynamique d'adduction et extension de la scapulo-humérale

Chef latéral : 
- Partie supérieure de la face postérieure de la diaphyse humérale => Extrémité supérieure de l'olécrâne de l'ulna 
Action en statique de protection inférieure de la capsule 

Chef médial :
- Partie inférieure de la face postérieure de la diaphye humérale => Extrémité supérieure de l'olécrâne de l'ulna 
Action en statique de stabilisation du coude 

En dynamique l'ensemble des portions => Extension du coude 
Innervé par le nerf radial (racines C7/C8)
",,
M. Brachioradial ,Humérus / Radius ,,Plexus brachial (Racines C5/C6),"1/3 inférieur (bord latéral) du corps de l'humérus => Face latérale de l'extrémité inférieure du radius 
Flexion du coude 
Innervé par le nerf radial (Racines C5/C6) 
",,
M. Long extenseur radial du carpe,Humérus / Deuxième métacarpien (M2) ,M. Brachioradical / M. Court extenseur radial du carpe ,Plexus brachial (Racines C6/C7),"Bord latéral du corps de l'humérus => Face dorsale de la base du 2ème métacarpien (sur le tubercule latéral)
- En statique : Stabilisation latérale du coude 
- En dynamique : Abduction / Extension du coude 

Innervé par le nerf radial (Racines C6/C7) 
",,
M. Court extenseur radial du carpe ,Humérus / Troisième métacarpien (M3),M. Brachioradial / M. Long extenseur radial du carpe ,Plexus brachial (Racines C6/C7),"Epicondyle latérale de l'extrémité inférieur de l'humérus => Face dorsale de la base du 3ème métacarpien (sur le tubercule latéral)
- En statique : Stabilisation latérale du coude 
- En dynamique : Extension du coude 

Innervé par le nerf radial (Racines C6/C7) 

",,
M. Supinateur ,Humérus / Ulna / Radius ,,Plexus brachial (Racines C6/C7),"Origine en deux plans : 
=> Plan superficiel avec insertion au niveau de l'extrémité inférieure de l'épicondyle latérale de l'humérus et sur la crête supinatrice de l'extrémité supérieure de l'ulna 
=> Plan profond dans la fosse supinatrice du corps de l'ulna 

Terminaison en deux plans :
=> Plan superficiel sur le bord antérieur du radius 
=> Plan profond sur la face latérale du radius 

- En statique : Stabilisation latérale du coude 
- En dynamique : Supination du coude 

Innervé par le nerf radial (Racines C6/C7) 

",,
M. Ancôné ,Humérus / Ulna ,,Plexus brachial (Racines C7/C8),"Epicondyle latérale de l'extrémité inférieure de l'humérus => A cheval sur l'extremité supérieure et le corps de l'ulna 
- En statique : Stabilisation postérolatérale du coude 
- En dynamique : Extension du coude (en fin de mouvement => Verrouillage en rectitude)
Innervé par le nerf inférieur du chef médial et de l'ancôné (Racines C7/C8)",,
M. Extenseur ulnaire du carpe ,Humérus / Ulna / Cinquième métatarsien (M5),,Plexus brachial (Racines C6/C7/C8),"Epicondyle latérale de l'extrémité inférieure de l'humérus et bord postérieur du corps de l'ulna => Face dorsale de la base du 5ème métacarpien 	
Extension / Adduction du poignet 
Innervé par une branche profonde du nerf radial (Racines C6/C7/C8)",,
M. Extenseur du 5ème doigt ,Humérus ,M. Extenseur des doigts ,Plexus brachial (Racines C7/C8),"Epicondyle latérale de l'extrémité inférieure de l'humérus  => Bord médial du tendon destiné au 5ème doigt du M. Extenseur des doigts
Extension du 5ème doigt + Participation à l'extension et l'adduction du poignet 
Innervé par une branche profonde du nerf radial (Racines C7/C8)
",,
M. Extenseur des doigts ,Humérus / P1 du 2 / P2 du 2 / P3 du 2 / P1 du 3 / P2 du 3 / P3 du 3 / P1 du 4 / P2 du 4 / P3 du 4 / P1 du 5 / P2 du 5 / P3 du 5,,Plexus brachial (Racines C7/C8),"Epicondyle latérale de l'extrémité inférieure de l'humérus  => Face dorsale de la base des 3 phalanges des 4 derniers doigts 
Extension des 4 derniers doigts 
Innervé par une branche profonde du nerf radial (Racines C7/C8)

",,
M. Long abducteur du pouce ,Ulna / Radius / Premier métacarpien (M1) ,M. Court extenseur du pouce / M. Long extenseur du pouce ,Plexus brachial (Racines C7/C8),"
Face postérieure de l'ulna et du radius => Tubercule latéral de la base du 1er métacarpien 
- En statique : Stabilisation de l'articulation trapézo-métacarpienne
- En dynamique : Abduction du pouce 
Innervé par une branche profonde du nerf radial (Racines C7/C8) 
",,
M. Long extenseur du pouce ,Ulna / P2 du 1,M. Long abducteur du pouce / M. Court extenseur du pouce ,Plexus brachial (Racines C7/C8),"Face postérieure de l'ulna (sous le M. Long abducteur du pouce) => Face dorsale de la base de P2 du 1
Extension de l'interphalangienne du 1 / Contre-opposition
Innervé par une branche profonde du nerf radial (Racines C7/C8)
",,
M. Court extenseur du pouce ,Ulna / Radius / P1 du 1,M. Long extenseur du pouce / M. Long abducteur du pouce ,Plexus brachial (Racines C7/C8),"Face postérieure de l'ulna (sous le M. Long abducteur du pouce) et face postérieure du radius => Face dorsale de la base de P1 du 1
Extension de la métacarpo-phalangienne du 1
Innervé par une branche profonde du nerf radial (Racines C7/C8)",,
M. Extenseur de l'index ,Ulna ,M. Extenseur des doigts ,Plexus brachial (Racines C7/C8),"Face postérieure du corps de l'ulna => Tendon du M. Extenseur des doigts pour le 2ème doigt 
Extension du doigt / Adduction du doigt
Innervé par une branche profonde du nerf radial (Racines C7/C8)",,
M. Rond pronateur ,Humérus / Ulna / Radius ,,Plexus brachial (Racines C6/C7),"Epicondyle médiale de l'extrémité inférieure de l'humérus et processus coronoïde de l'ulna => Face latérale du corps du radius 	
- En statique : Stabilisation médiale du coude 
- En dynamique : Pronation / Flexion du coude 

Innervé par le nerf médian (Racines C6/C7)",,
M. Fléchisseur radial du carpe,Humérus / Deuxième métacarpien (M2) ,M. Fléchisseur superficiel des doigts / M. Long palmaire,Plexus brachial (Racines C6/C7),"Epicondyle médiale de l'extrémité inférieure de l'humérus => Face palmaire de la base du 2ème métacarpien
- En statique : Stabilisation médiale du poignet
- En dynamique : Abduction / Flexion du poignet

Innervé par le nerf médian (Racines C6/C7)",,
M. Long palmaire ,Humérus ,,Plexus brachial (Racines C6/C7/C8),"Epicondyle médiale de l'extrémité inférieure de l'humérus => Rétinaculum des fléchisseurs au niveau du carpe 
Flexion du poignet 

Innervé par le nerf médian (Racines C6/C7)

",,
M. Fléchisseur ulnaire du carpe ,Humérus / Ulna / Pisiforme ,,Plaxus brachial (Racines C7/C8/T1),"Epicondyle médiale de l'extrémité inférieure de l'humérus et corps de l'ulna (déborde sur l'olécrâne) => Pôle supérieur du pisiforme 
Flexion / Adduction du poignet 

Innervé par le nerf ulnaire (Racines C7/C8/T1)
",,
M. Fléchisseur superficiel des doigts ,Humérus / Ulna / Radius / P2 du 2 / P2 du 3 / P2 du 4 / P2 du 5,M. Fléchisseur superficiel des doigts / M. Fléchisseur radial du carpe ,Plaxus brachial (Racines C7/C8/T1),"Le muscle prend son origine sur 5 structures : 
- Epicondyle médiale de l'humérus (Extrémité inférieure)
- Processus coronoïde de l'extrémité supérieure de l'ulna 
- Sur une arcade entre le radius et l'ulna 
- Bord antérieur du corps du radius 
- Faisceau moyen du ligament collatéral ulnaire 

Se termine sur la 2ème phalange des 4 derniers doigts 
- En statique : Stabilisation de l'articulation interphalangienne proximale
- En dynamique : Flexion des doigts 

Innervé par le nerf médian (Racines C7/C8/T1)",,
M. Fléchisseur profond des doigts ,"Ulna / P3 du 2 / P3 du 3 / P3 du 4 / P3 du 5 
",M. Fléchisseur superficiel des doigts / M. Lombricaux ,Plexus brachial (Racines C8/T1),"Corps de l'ulna => Face palmaire de la base de P3 des 4 derniers doigts 
- En statique : Stabilisation de l'articulation interphalangienne distale 
- En dynamique : Flexion de l'interphalangienne distale 

Innervé par le nerf médian (Racines C7/C8/T1) pour les deux chefs latéraux et nerf ulnaire pour les deux chefs médiaux ",,
M. Long fléchisseur du pouce ,Radius / P2 du 1,M. Carré pronateur / M. Brachioradial / M. Court fléchisseur du pouce,Plexus brachial (Racines C8/T1),"2/3 supérieur de la face antérieure du radius => Face palmaire de la base de P2 du pouce 
Flexion de l'interphalangienne du pouce 
Innervé par le nerf médian (Racines C8/T1)",,
M. Carré pronateur ,Ulna / Radius ,M. Long fléchisseur du pouce ,Plexus brachial (Racine C8),"Face antérieure du corps de l'ulna => Face antérieure du corps du radius 
Pronation et Stabilisation de l'articulation radio ulnaire inférieure 
Innervé par le nerf interosseux antérieur (Racine C8) ",,
M. Court abducteur du pouce ,Scaphoïde / P1 du 1 / Os sésamoïde ,,Plexus brachial (Racines C8/T1),"Face antérieure du tubercule du scaphoïde => Partie latérale de la base de la première phalange du pouce + expansion sur l'os sésamoïde latéral 
Abduction et flexion de la première phalange du pouce
Innervé par la branche terminale latérale du nerf médian (Racines C8/T1)",,
M. Opposant du pouce ,Trapèze / Premier métacarpien (M1),,Plexus brachial (Racines C8/T1),"Face antérieure du trapèze au niveau de la crête verticale => Face antérieure du corps du premier métacarpien (M1)
Flexion / Adduction / Pronation du pouce (prépare le mouvement d'opposition du pouce)
Innervé par la branche terminale latérale du nerf médian (Racines C8/T1)",,
M. Court fléchisseur du pouce ,Trapèze / Trapézoïde / Capitatum / Os sésamoïde / P1 du 1,M. Long fléchisseur du pouce ,Plexus brachial (Racines C8/T1),"Origine par un faisceau superficiel au niveau de la face antérieure du trapèze au niveau de la crête verticale et par un faisceau profond au niveau des faces antérieures du trapézoïde et du capitatum 
Terminaison au niveau de la base de P1 du pouce + expansion sur l'os sésamoïde latéral 
Flexion de P1 du pouce et stabilisation de la métacarpo phalangienne du pouce 
Innervé par le nerf médian (faisceau superficiel) et par le nerf ulnaire (faisceau profond) => Racines C8/T1",,
M. Adducteur du pouce , Trapézoïde / Capitatum / Os sésamoïde / P1 du 1 / Troisième métacarpien (M3),,Plexus brachial (Racines C8/T1),"Origine :
- Faisceau oblique sur la face antérieure du trapézoïde et du captitatum + face antérieure de la base du troisième métacarpien (M3) 
- Faisceau transverse au niveau du bord antérieur du corps du troisième métacarpien (M3)
Terminaison au niveau de la base de la première phalange du pouce + expansion sur l'os sésamoïde médial 
Adduction de la métacarpo-phalangienne du pouce 
Innervé par la branche profonde du nerf ulnaire (racines C8/T1)",,
M. Abducteur du 5ème doigt,Scaphoïde / P1 du 5 ,M. Court fléchisseur du 5ème doigt ,Plexus brachial (Racines C8/T1),"Pôle inférieur du pisiforme (déborde sur la face antérieure) => Partie médiale de la base de la première phalange du 5ème doigt
- En statique : Stabilisation de la métacarpo-phalangienne du 5ème doigt 
- En dynamique : Abduction du 5ème doigt 
Innervé par la branche profonde du nerf ulnaire (Racines C8/T1)",,
M. Court fléchisseur du 5ème doigt ,Hamatum / P1 du 5,M. Abducteur du 5ème doigt ,Plexus brachial (Racines C8/T1),"Face antérieure de l'hamatum => Partie médiale de la base de la première phalange du 5ème doigt par un tendon commun avec le M. Abducteur du 5ème doigt
- En statique : Stabilisation de la métacarpo-phalangienne du 5ème doigt 
- En dynamique : Flexion de la métacarpo-phalangienne du 5ème doigt 
Innervé par la branche profonde du nerf ulnaire (Racines C8/T1)",,
M. Opposant du 5ème doigt ,Hamatum / Cinquième métacarpien (M5),,Plexus brachial (Racines C8/T1),"Face antérieure de l'hamatum => Face médiale du corps du cinquième métacarpien (M5)
- En statique : Stabilisation de la carpo-métacarpienne du 5ème doigt 
- En dynamique : Porte M5 en avant, en dehors et en supination 
Innervé par la branche profonde du nerf ulnaire (Racine C8/T1)",,
M. Interosseux de la main ,,,,,,
M. Lombricaux de la main ,,,,,,